JD Category,Resume Preview,Score
Java Developer_0,"TECHNICAL SKILLS Skills: Java, SQL, PL/SQL, C, C++, BootStrap, JSP, Ext JS Operating Systems: Window...",0.6398000121116638
Java Developer_0,"TECHNICAL SKILLS Skills: Java, SQL, PL/SQL, C, C++, BootStrap, JSP, Ext JS Operating Systems: Window...",0.6398000121116638
Java Developer_0,"TECHNICAL SKILLS Skills: Java, SQL, PL/SQL, C, C++, BootStrap, JSP, Ext JS Operating Systems: Window...",0.6398000121116638
Java Developer_1,"Technical Skills Key Skills MS Technology .Net, SharePoint, MS SQL and Oracle PL/SQL Project Managem...",0.58160001039505
Java Developer_1,CORE COMPETENCIES ~ Ant ~ Maven ~ GIT ~ Bitbucket ~ Jenkins ~ Linux ~ Ansible ~ Shell Scripting ~Req...,0.580299973487854
Java Developer_1,CORE COMPETENCIES ~ Ant ~ Maven ~ GIT ~ Bitbucket ~ Jenkins ~ Linux ~ Ansible ~ Shell Scripting ~Req...,0.580299973487854
Java Developer_2,SKILLS: - 1) Team leading 2) Self-motivated 3) Hard working â Strengths: Ready to learn new Progra...,0.720300018787384
Java Developer_2,SKILLS: - 1) Team leading 2) Self-motivated 3) Hard working â Strengths: Ready to learn new Progra...,0.720300018787384
Java Developer_2,SKILLS: - 1) Team leading 2) Self-motivated 3) Hard working â Strengths: Ready to learn new Progra...,0.720300018787384
DevOps Engineer_3,CORE COMPETENCIES ~ Ant ~ Maven ~ GIT ~ Bitbucket ~ Jenkins ~ Linux ~ Ansible ~ Shell Scripting ~Req...,0.6830000281333923
DevOps Engineer_3,CORE COMPETENCIES ~ Ant ~ Maven ~ GIT ~ Bitbucket ~ Jenkins ~ Linux ~ Ansible ~ Shell Scripting ~Req...,0.6830000281333923
DevOps Engineer_3,CORE COMPETENCIES ~ Ant ~ Maven ~ GIT ~ Bitbucket ~ Jenkins ~ Linux ~ Ansible ~ Shell Scripting ~Req...,0.6830000281333923
DevOps Engineer_4,"Education Details 
January 2016 Bachelor Of Engineering LEAN PROJECTS Mumbai, Maharashtra Mumbai Un...",0.6223999857902527
DevOps Engineer_4,"Education Details 
January 2016 Bachelor Of Engineering LEAN PROJECTS Mumbai, Maharashtra Mumbai Un...",0.6223999857902527
DevOps Engineer_4,"Education Details 
January 2016 Bachelor Of Engineering LEAN PROJECTS Mumbai, Maharashtra Mumbai Un...",0.6223999857902527
DevOps Engineer_5,CORE COMPETENCIES ~ Ant ~ Maven ~ GIT ~ Bitbucket ~ Jenkins ~ Linux ~ Ansible ~ Shell Scripting ~Req...,0.5692999958992004
DevOps Engineer_5,CORE COMPETENCIES ~ Ant ~ Maven ~ GIT ~ Bitbucket ~ Jenkins ~ Linux ~ Ansible ~ Shell Scripting ~Req...,0.5692999958992004
DevOps Engineer_5,CORE COMPETENCIES ~ Ant ~ Maven ~ GIT ~ Bitbucket ~ Jenkins ~ Linux ~ Ansible ~ Shell Scripting ~Req...,0.5692999958992004
Python Developer_6,"â¢ Operating Systems: Windows â¢ Others: MS Excel, MS Office, MS Power Point Key Projects Handled ...",0.5892999768257141
Python Developer_6,"â¢ Operating Systems: Windows â¢ Others: MS Excel, MS Office, MS Power Point Key Projects Handled ...",0.5892999768257141
Python Developer_6,"â¢ Operating Systems: Windows â¢ Others: MS Excel, MS Office, MS Power Point Key Projects Handled ...",0.5892999768257141
Python Developer_7,Technical Skills / Responsibilities: â¢ Hands on Experience with Production and Maintenance of Proj...,0.6284999847412109
Python Developer_7,Technical Skills / Responsibilities: â¢ Hands on Experience with Production and Maintenance of Proj...,0.6284999847412109
Python Developer_7,Technical Skills / Responsibilities: â¢ Hands on Experience with Production and Maintenance of Proj...,0.6284999847412109
Python Developer_8,"â¢ Operating Systems: Windows â¢ Others: MS Excel, MS Office, MS Power Point Key Projects Handled ...",0.6600000262260437
Python Developer_8,"â¢ Operating Systems: Windows â¢ Others: MS Excel, MS Office, MS Power Point Key Projects Handled ...",0.6600000262260437
Python Developer_8,"â¢ Operating Systems: Windows â¢ Others: MS Excel, MS Office, MS Power Point Key Projects Handled ...",0.6600000262260437
Operations Manager_9,"Education Details 
January 2016 Bachelor Of Engineering LEAN PROJECTS Mumbai, Maharashtra Mumbai Un...",0.6735000014305115
Operations Manager_9,"Education Details 
January 2016 Bachelor Of Engineering LEAN PROJECTS Mumbai, Maharashtra Mumbai Un...",0.6735000014305115
Operations Manager_9,"Education Details 
January 2016 Bachelor Of Engineering LEAN PROJECTS Mumbai, Maharashtra Mumbai Un...",0.6735000014305115
Operations Manager_10,AREA OF EXPERTISE (PROFILE) Around 10 plus years' proven experience with best global brand Wipro wit...,0.6675999760627747
Operations Manager_10,AREA OF EXPERTISE (PROFILE) Around 10 plus years' proven experience with best global brand Wipro wit...,0.6675999760627747
Operations Manager_10,AREA OF EXPERTISE (PROFILE) Around 10 plus years' proven experience with best global brand Wipro wit...,0.6675999760627747
Operations Manager_11,"Education Details 
January 2016 Bachelor Of Engineering LEAN PROJECTS Mumbai, Maharashtra Mumbai Un...",0.7056999802589417
Operations Manager_11,"Education Details 
January 2016 Bachelor Of Engineering LEAN PROJECTS Mumbai, Maharashtra Mumbai Un...",0.7056999802589417
Operations Manager_11,"Education Details 
January 2016 Bachelor Of Engineering LEAN PROJECTS Mumbai, Maharashtra Mumbai Un...",0.7056999802589417
Network Security Engineer_12,"Education Details 
January 2016 Bachelor Of Engineering LEAN PROJECTS Mumbai, Maharashtra Mumbai Un...",0.6929000020027161
Network Security Engineer_12,"Education Details 
January 2016 Bachelor Of Engineering LEAN PROJECTS Mumbai, Maharashtra Mumbai Un...",0.6929000020027161
Network Security Engineer_12,"Education Details 
January 2016 Bachelor Of Engineering LEAN PROJECTS Mumbai, Maharashtra Mumbai Un...",0.6929000020027161
Network Security Engineer_13,"Education Details 
January 2016 Bachelor Of Engineering LEAN PROJECTS Mumbai, Maharashtra Mumbai Un...",0.7014999985694885
Network Security Engineer_13,"Education Details 
January 2016 Bachelor Of Engineering LEAN PROJECTS Mumbai, Maharashtra Mumbai Un...",0.7014999985694885
Network Security Engineer_13,"Education Details 
January 2016 Bachelor Of Engineering LEAN PROJECTS Mumbai, Maharashtra Mumbai Un...",0.7014999985694885
Network Security Engineer_14,"Education Details 
January 2016 Bachelor Of Engineering LEAN PROJECTS Mumbai, Maharashtra Mumbai Un...",0.6940000057220459
Network Security Engineer_14,"Education Details 
January 2016 Bachelor Of Engineering LEAN PROJECTS Mumbai, Maharashtra Mumbai Un...",0.6940000057220459
Network Security Engineer_14,"Education Details 
January 2016 Bachelor Of Engineering LEAN PROJECTS Mumbai, Maharashtra Mumbai Un...",0.6940000057220459
Testing_15,"Technical Skills Summary I have completed ""CORPORATE TRAINING in Manual and Automation Testing"" at S...",0.7013999819755554
Testing_15,"Technical Skills Summary I have completed ""CORPORATE TRAINING in Manual and Automation Testing"" at S...",0.7013999819755554
Testing_15,"Technical Skills Summary I have completed ""CORPORATE TRAINING in Manual and Automation Testing"" at S...",0.7013999819755554
Testing_16,"Education Details 
January 2016 Bachelor Of Engineering LEAN PROJECTS Mumbai, Maharashtra Mumbai Un...",0.6741999983787537
Testing_16,"Education Details 
January 2016 Bachelor Of Engineering LEAN PROJECTS Mumbai, Maharashtra Mumbai Un...",0.6741999983787537
Testing_16,"Education Details 
January 2016 Bachelor Of Engineering LEAN PROJECTS Mumbai, Maharashtra Mumbai Un...",0.6741999983787537
Testing_17,"Education Details 
January 2016 Bachelor Of Engineering LEAN PROJECTS Mumbai, Maharashtra Mumbai Un...",0.699999988079071
Testing_17,"Education Details 
January 2016 Bachelor Of Engineering LEAN PROJECTS Mumbai, Maharashtra Mumbai Un...",0.699999988079071
Testing_17,"Education Details 
January 2016 Bachelor Of Engineering LEAN PROJECTS Mumbai, Maharashtra Mumbai Un...",0.699999988079071
Civil Engineer_18,"Education Details 
January 2016 Bachelor Of Engineering LEAN PROJECTS Mumbai, Maharashtra Mumbai Un...",0.6794000267982483
Civil Engineer_18,"Education Details 
January 2016 Bachelor Of Engineering LEAN PROJECTS Mumbai, Maharashtra Mumbai Un...",0.6794000267982483
Civil Engineer_18,"Education Details 
January 2016 Bachelor Of Engineering LEAN PROJECTS Mumbai, Maharashtra Mumbai Un...",0.6794000267982483
Civil Engineer_19,"Education Details 
January 2016 Bachelor Of Engineering LEAN PROJECTS Mumbai, Maharashtra Mumbai Un...",0.6820999979972839
Civil Engineer_19,"Education Details 
January 2016 Bachelor Of Engineering LEAN PROJECTS Mumbai, Maharashtra Mumbai Un...",0.6820999979972839
Civil Engineer_19,"Education Details 
January 2016 Bachelor Of Engineering LEAN PROJECTS Mumbai, Maharashtra Mumbai Un...",0.6820999979972839
Civil Engineer_20,"Education Details 
January 2016 Bachelor Of Engineering LEAN PROJECTS Mumbai, Maharashtra Mumbai Un...",0.6764000058174133
Civil Engineer_20,"Education Details 
January 2016 Bachelor Of Engineering LEAN PROJECTS Mumbai, Maharashtra Mumbai Un...",0.6764000058174133
Civil Engineer_20,"Education Details 
January 2016 Bachelor Of Engineering LEAN PROJECTS Mumbai, Maharashtra Mumbai Un...",0.6764000058174133
Automation Testing_21,"Technical Skills Summary I have completed ""CORPORATE TRAINING in Manual and Automation Testing"" at S...",0.7088000178337097
Automation Testing_21,"Technical Skills Summary I have completed ""CORPORATE TRAINING in Manual and Automation Testing"" at S...",0.7088000178337097
Automation Testing_21,"Technical Skills Summary I have completed ""CORPORATE TRAINING in Manual and Automation Testing"" at S...",0.7088000178337097
Automation Testing_22,"Technical Skills Summary I have completed ""CORPORATE TRAINING in Manual and Automation Testing"" at S...",0.6933000087738037
Automation Testing_22,"Technical Skills Summary I have completed ""CORPORATE TRAINING in Manual and Automation Testing"" at S...",0.6933000087738037
Automation Testing_22,"Technical Skills Summary I have completed ""CORPORATE TRAINING in Manual and Automation Testing"" at S...",0.6933000087738037
Automation Testing_23,"Technical Skills Summary I have completed ""CORPORATE TRAINING in Manual and Automation Testing"" at S...",0.6988000273704529
Automation Testing_23,"Technical Skills Summary I have completed ""CORPORATE TRAINING in Manual and Automation Testing"" at S...",0.6988000273704529
Automation Testing_23,"Technical Skills Summary I have completed ""CORPORATE TRAINING in Manual and Automation Testing"" at S...",0.6988000273704529
Business Analyst_24,"Education Details 
January 2016 Bachelor Of Engineering LEAN PROJECTS Mumbai, Maharashtra Mumbai Un...",0.7107999920845032
Business Analyst_24,"Education Details 
January 2016 Bachelor Of Engineering LEAN PROJECTS Mumbai, Maharashtra Mumbai Un...",0.7107999920845032
Business Analyst_24,"Education Details 
January 2016 Bachelor Of Engineering LEAN PROJECTS Mumbai, Maharashtra Mumbai Un...",0.7107999920845032
Business Analyst_25,"Education Details 
January 2016 Bachelor Of Engineering LEAN PROJECTS Mumbai, Maharashtra Mumbai Un...",0.7188000082969666
Business Analyst_25,"Education Details 
January 2016 Bachelor Of Engineering LEAN PROJECTS Mumbai, Maharashtra Mumbai Un...",0.7188000082969666
Business Analyst_25,"Education Details 
January 2016 Bachelor Of Engineering LEAN PROJECTS Mumbai, Maharashtra Mumbai Un...",0.7188000082969666
Business Analyst_26,"Education Details 
January 2016 Bachelor Of Engineering LEAN PROJECTS Mumbai, Maharashtra Mumbai Un...",0.7057999968528748
Business Analyst_26,"Education Details 
January 2016 Bachelor Of Engineering LEAN PROJECTS Mumbai, Maharashtra Mumbai Un...",0.7057999968528748
Business Analyst_26,"Education Details 
January 2016 Bachelor Of Engineering LEAN PROJECTS Mumbai, Maharashtra Mumbai Un...",0.7057999968528748
Advocate_27,"Good grasping quality and skillful work Education Details 
March 2013 to March 2018 B. A. LL. B. La...",0.680899977684021
Advocate_27,"Good grasping quality and skillful work Education Details 
March 2013 to March 2018 B. A. LL. B. La...",0.680899977684021
Advocate_27,"Education Details 
January 2016 Bachelor Of Engineering LEAN PROJECTS Mumbai, Maharashtra Mumbai Un...",0.6794000267982483
Advocate_28,"Good grasping quality and skillful work Education Details 
March 2013 to March 2018 B. A. LL. B. La...",0.6783000230789185
Advocate_28,"Good grasping quality and skillful work Education Details 
March 2013 to March 2018 B. A. LL. B. La...",0.6783000230789185
Advocate_28,"Education Details 
January 2016 Bachelor Of Engineering LEAN PROJECTS Mumbai, Maharashtra Mumbai Un...",0.6690000295639038
Advocate_29,"Education Details 
January 2016 Bachelor Of Engineering LEAN PROJECTS Mumbai, Maharashtra Mumbai Un...",0.6814000010490417
Advocate_29,"Education Details 
January 2016 Bachelor Of Engineering LEAN PROJECTS Mumbai, Maharashtra Mumbai Un...",0.6814000010490417
Advocate_29,"Education Details 
January 2016 Bachelor Of Engineering LEAN PROJECTS Mumbai, Maharashtra Mumbai Un...",0.6814000010490417
Blockchain_30,"Education Details 
January 2016 Bachelor Of Engineering LEAN PROJECTS Mumbai, Maharashtra Mumbai Un...",0.6484000086784363
Blockchain_30,"Education Details 
January 2016 Bachelor Of Engineering LEAN PROJECTS Mumbai, Maharashtra Mumbai Un...",0.6484000086784363
Blockchain_30,"Education Details 
January 2016 Bachelor Of Engineering LEAN PROJECTS Mumbai, Maharashtra Mumbai Un...",0.6484000086784363
Blockchain_31,"Education Details 
January 2016 Bachelor Of Engineering LEAN PROJECTS Mumbai, Maharashtra Mumbai Un...",0.6574000120162964
Blockchain_31,"Education Details 
January 2016 Bachelor Of Engineering LEAN PROJECTS Mumbai, Maharashtra Mumbai Un...",0.6574000120162964
Blockchain_31,"Education Details 
January 2016 Bachelor Of Engineering LEAN PROJECTS Mumbai, Maharashtra Mumbai Un...",0.6574000120162964
Blockchain_32,"Education Details 
January 2016 Bachelor Of Engineering LEAN PROJECTS Mumbai, Maharashtra Mumbai Un...",0.6740999817848206
Blockchain_32,"Education Details 
January 2016 Bachelor Of Engineering LEAN PROJECTS Mumbai, Maharashtra Mumbai Un...",0.6740999817848206
Blockchain_32,"Education Details 
January 2016 Bachelor Of Engineering LEAN PROJECTS Mumbai, Maharashtra Mumbai Un...",0.6740999817848206
Mechanical Engineer_33,"Education Details 
January 2016 Bachelor Of Engineering LEAN PROJECTS Mumbai, Maharashtra Mumbai Un...",0.6442000269889832
Mechanical Engineer_33,"Education Details 
January 2016 Bachelor Of Engineering LEAN PROJECTS Mumbai, Maharashtra Mumbai Un...",0.6442000269889832
Mechanical Engineer_33,"Education Details 
January 2016 Bachelor Of Engineering LEAN PROJECTS Mumbai, Maharashtra Mumbai Un...",0.6442000269889832
Mechanical Engineer_34,"Education Details 
January 2016 Bachelor Of Engineering LEAN PROJECTS Mumbai, Maharashtra Mumbai Un...",0.6503999829292297
Mechanical Engineer_34,"Education Details 
January 2016 Bachelor Of Engineering LEAN PROJECTS Mumbai, Maharashtra Mumbai Un...",0.6503999829292297
Mechanical Engineer_34,"Education Details 
January 2016 Bachelor Of Engineering LEAN PROJECTS Mumbai, Maharashtra Mumbai Un...",0.6503999829292297
Mechanical Engineer_35,"Education Details 
January 2016 Bachelor Of Engineering LEAN PROJECTS Mumbai, Maharashtra Mumbai Un...",0.6543999910354614
Mechanical Engineer_35,"Education Details 
January 2016 Bachelor Of Engineering LEAN PROJECTS Mumbai, Maharashtra Mumbai Un...",0.6543999910354614
Mechanical Engineer_35,"Education Details 
January 2016 Bachelor Of Engineering LEAN PROJECTS Mumbai, Maharashtra Mumbai Un...",0.6543999910354614
SAP Developer_36,"Education Details 
January 2016 Bachelor Of Engineering LEAN PROJECTS Mumbai, Maharashtra Mumbai Un...",0.7865999937057495
SAP Developer_36,"Education Details 
January 2016 Bachelor Of Engineering LEAN PROJECTS Mumbai, Maharashtra Mumbai Un...",0.7865999937057495
SAP Developer_36,"Education Details 
January 2016 Bachelor Of Engineering LEAN PROJECTS Mumbai, Maharashtra Mumbai Un...",0.7865999937057495
SAP Developer_37,"Education Details 
January 2016 Bachelor Of Engineering LEAN PROJECTS Mumbai, Maharashtra Mumbai Un...",0.7955999970436096
SAP Developer_37,"Education Details 
January 2016 Bachelor Of Engineering LEAN PROJECTS Mumbai, Maharashtra Mumbai Un...",0.7955999970436096
SAP Developer_37,"Education Details 
January 2016 Bachelor Of Engineering LEAN PROJECTS Mumbai, Maharashtra Mumbai Un...",0.7955999970436096
SAP Developer_38,"Education Details 
January 2016 Bachelor Of Engineering LEAN PROJECTS Mumbai, Maharashtra Mumbai Un...",0.7915999889373779
SAP Developer_38,"Education Details 
January 2016 Bachelor Of Engineering LEAN PROJECTS Mumbai, Maharashtra Mumbai Un...",0.7915999889373779
SAP Developer_38,"Education Details 
January 2016 Bachelor Of Engineering LEAN PROJECTS Mumbai, Maharashtra Mumbai Un...",0.7915999889373779
Health and fitness_39,"Education Details 
January 1992 to January 2003 First year Science Mumbai, Maharashtra St micheal h...",0.6600000262260437
Health and fitness_39,"Education Details 
January 1992 to January 2003 First year Science Mumbai, Maharashtra St micheal h...",0.6600000262260437
Health and fitness_39,"Education Details 
January 1992 to January 2003 First year Science Mumbai, Maharashtra St micheal h...",0.6600000262260437
Health and fitness_40,"Education Details 
January 1992 to January 2003 First year Science Mumbai, Maharashtra St micheal h...",0.6642000079154968
Health and fitness_40,"Education Details 
January 1992 to January 2003 First year Science Mumbai, Maharashtra St micheal h...",0.6642000079154968
Health and fitness_40,"Education Details 
January 1992 to January 2003 First year Science Mumbai, Maharashtra St micheal h...",0.6642000079154968
Health and fitness_41,"Education Details 
January 1992 to January 2003 First year Science Mumbai, Maharashtra St micheal h...",0.6492000222206116
Health and fitness_41,"Education Details 
January 1992 to January 2003 First year Science Mumbai, Maharashtra St micheal h...",0.6492000222206116
Health and fitness_41,"Education Details 
January 1992 to January 2003 First year Science Mumbai, Maharashtra St micheal h...",0.6492000222206116
Sales_42,SKILLS 1. MS-Office 2. Good Communication skills and Convincing Power 3. Knowledge of sales and mark...,0.7339000105857849
Sales_42,SKILLS 1. MS-Office 2. Good Communication skills and Convincing Power 3. Knowledge of sales and mark...,0.7339000105857849
Sales_42,SKILLS 1. MS-Office 2. Good Communication skills and Convincing Power 3. Knowledge of sales and mark...,0.7339000105857849
Sales_43,SKILLS 1. MS-Office 2. Good Communication skills and Convincing Power 3. Knowledge of sales and mark...,0.7078999876976013
Sales_43,SKILLS 1. MS-Office 2. Good Communication skills and Convincing Power 3. Knowledge of sales and mark...,0.7078999876976013
Sales_43,SKILLS 1. MS-Office 2. Good Communication skills and Convincing Power 3. Knowledge of sales and mark...,0.7078999876976013
Sales_44,SKILLS 1. MS-Office 2. Good Communication skills and Convincing Power 3. Knowledge of sales and mark...,0.713100016117096
Sales_44,SKILLS 1. MS-Office 2. Good Communication skills and Convincing Power 3. Knowledge of sales and mark...,0.713100016117096
Sales_44,SKILLS 1. MS-Office 2. Good Communication skills and Convincing Power 3. Knowledge of sales and mark...,0.713100016117096
Database_45,"Education Details 
January 2016 Bachelor Of Engineering LEAN PROJECTS Mumbai, Maharashtra Mumbai Un...",0.7315000295639038
Database_45,"Education Details 
January 2016 Bachelor Of Engineering LEAN PROJECTS Mumbai, Maharashtra Mumbai Un...",0.7315000295639038
Database_45,"Education Details 
January 2016 Bachelor Of Engineering LEAN PROJECTS Mumbai, Maharashtra Mumbai Un...",0.7315000295639038
Database_46,"Education Details 
January 2016 Bachelor Of Engineering LEAN PROJECTS Mumbai, Maharashtra Mumbai Un...",0.7245000004768372
Database_46,"Education Details 
January 2016 Bachelor Of Engineering LEAN PROJECTS Mumbai, Maharashtra Mumbai Un...",0.7245000004768372
Database_46,"Education Details 
January 2016 Bachelor Of Engineering LEAN PROJECTS Mumbai, Maharashtra Mumbai Un...",0.7245000004768372
Database_47,"Education Details 
January 2016 Bachelor Of Engineering LEAN PROJECTS Mumbai, Maharashtra Mumbai Un...",0.7419000267982483
Database_47,"Education Details 
January 2016 Bachelor Of Engineering LEAN PROJECTS Mumbai, Maharashtra Mumbai Un...",0.7419000267982483
Database_47,"Education Details 
January 2016 Bachelor Of Engineering LEAN PROJECTS Mumbai, Maharashtra Mumbai Un...",0.7419000267982483
Data Science_48,"Education Details 
January 2016 Bachelor Of Engineering LEAN PROJECTS Mumbai, Maharashtra Mumbai Un...",0.7511000037193298
Data Science_48,"Education Details 
January 2016 Bachelor Of Engineering LEAN PROJECTS Mumbai, Maharashtra Mumbai Un...",0.7511000037193298
Data Science_48,"Education Details 
January 2016 Bachelor Of Engineering LEAN PROJECTS Mumbai, Maharashtra Mumbai Un...",0.7511000037193298
Data Science_49,"Education Details 
January 2016 Bachelor Of Engineering LEAN PROJECTS Mumbai, Maharashtra Mumbai Un...",0.7519999742507935
Data Science_49,"Education Details 
January 2016 Bachelor Of Engineering LEAN PROJECTS Mumbai, Maharashtra Mumbai Un...",0.7519999742507935
Data Science_49,"Education Details 
January 2016 Bachelor Of Engineering LEAN PROJECTS Mumbai, Maharashtra Mumbai Un...",0.7519999742507935
Data Science_50,"Education Details 
January 2016 Bachelor Of Engineering LEAN PROJECTS Mumbai, Maharashtra Mumbai Un...",0.7573999762535095
Data Science_50,"Education Details 
January 2016 Bachelor Of Engineering LEAN PROJECTS Mumbai, Maharashtra Mumbai Un...",0.7573999762535095
Data Science_50,"Education Details 
January 2016 Bachelor Of Engineering LEAN PROJECTS Mumbai, Maharashtra Mumbai Un...",0.7573999762535095
Electrical Engineering_51,"Education Details 

Electrical engineering 


Skill Details 
Microsft office and excell, power...",0.669700026512146
Electrical Engineering_51,"Education Details 

Electrical engineering 


Skill Details 
Microsft office and excell, power...",0.669700026512146
Electrical Engineering_51,"Education Details 

Electrical engineering 


Skill Details 
Microsft office and excell, power...",0.669700026512146
Electrical Engineering_52,â¢ Good logical and analytical skills â¢ Positive attitude towards solving problems and accepting ...,0.6668999791145325
Electrical Engineering_52,â¢ Good logical and analytical skills â¢ Positive attitude towards solving problems and accepting ...,0.6668999791145325
Electrical Engineering_52,â¢ Good logical and analytical skills â¢ Positive attitude towards solving problems and accepting ...,0.6668999791145325
Electrical Engineering_53,â¢ Good logical and analytical skills â¢ Positive attitude towards solving problems and accepting ...,0.6646999716758728
Electrical Engineering_53,â¢ Good logical and analytical skills â¢ Positive attitude towards solving problems and accepting ...,0.6646999716758728
Electrical Engineering_53,â¢ Good logical and analytical skills â¢ Positive attitude towards solving problems and accepting ...,0.6646999716758728
Web Designing_54,"Education Details 
January 2016 Bachelor Of Engineering LEAN PROJECTS Mumbai, Maharashtra Mumbai Un...",0.696399986743927
Web Designing_54,"Education Details 
January 2016 Bachelor Of Engineering LEAN PROJECTS Mumbai, Maharashtra Mumbai Un...",0.696399986743927
Web Designing_54,"Education Details 
January 2016 Bachelor Of Engineering LEAN PROJECTS Mumbai, Maharashtra Mumbai Un...",0.696399986743927
Web Designing_55,"Education Details 
January 2016 Bachelor Of Engineering LEAN PROJECTS Mumbai, Maharashtra Mumbai Un...",0.6966999769210815
Web Designing_55,"Education Details 
January 2016 Bachelor Of Engineering LEAN PROJECTS Mumbai, Maharashtra Mumbai Un...",0.6966999769210815
Web Designing_55,"Education Details 
January 2016 Bachelor Of Engineering LEAN PROJECTS Mumbai, Maharashtra Mumbai Un...",0.6966999769210815
Web Designing_56,"Education Details 
January 2016 Bachelor Of Engineering LEAN PROJECTS Mumbai, Maharashtra Mumbai Un...",0.7111999988555908
Web Designing_56,"Education Details 
January 2016 Bachelor Of Engineering LEAN PROJECTS Mumbai, Maharashtra Mumbai Un...",0.7111999988555908
Web Designing_56,"Education Details 
January 2016 Bachelor Of Engineering LEAN PROJECTS Mumbai, Maharashtra Mumbai Un...",0.7111999988555908
DotNet Developer_57,"Education Details 
January 2016 Bachelor Of Engineering LEAN PROJECTS Mumbai, Maharashtra Mumbai Un...",0.671500027179718
DotNet Developer_57,"Education Details 
January 2016 Bachelor Of Engineering LEAN PROJECTS Mumbai, Maharashtra Mumbai Un...",0.671500027179718
DotNet Developer_57,"Education Details 
January 2016 Bachelor Of Engineering LEAN PROJECTS Mumbai, Maharashtra Mumbai Un...",0.671500027179718
DotNet Developer_58,"Education Details 
January 2016 Bachelor Of Engineering LEAN PROJECTS Mumbai, Maharashtra Mumbai Un...",0.6751999855041504
DotNet Developer_58,"Education Details 
January 2016 Bachelor Of Engineering LEAN PROJECTS Mumbai, Maharashtra Mumbai Un...",0.6751999855041504
DotNet Developer_58,"Education Details 
January 2016 Bachelor Of Engineering LEAN PROJECTS Mumbai, Maharashtra Mumbai Un...",0.6751999855041504
DotNet Developer_59,"Education Details 
January 2016 Bachelor Of Engineering LEAN PROJECTS Mumbai, Maharashtra Mumbai Un...",0.6855000257492065
DotNet Developer_59,"Education Details 
January 2016 Bachelor Of Engineering LEAN PROJECTS Mumbai, Maharashtra Mumbai Un...",0.6855000257492065
DotNet Developer_59,"Education Details 
January 2016 Bachelor Of Engineering LEAN PROJECTS Mumbai, Maharashtra Mumbai Un...",0.6855000257492065
Hadoop_60,"Technical Skills Programming Languages: C, C++, Java, .Net., J2EE, HTML5, CSS, MapReduce Scripting L...",0.6653000116348267
Hadoop_60,"Technical Skills Programming Languages: C, C++, Java, .Net., J2EE, HTML5, CSS, MapReduce Scripting L...",0.6653000116348267
Hadoop_60,"Technical Skills Programming Languages: C, C++, Java, .Net., J2EE, HTML5, CSS, MapReduce Scripting L...",0.6653000116348267
Hadoop_61,"Technical Skills Programming Languages: C, C++, Java, .Net., J2EE, HTML5, CSS, MapReduce Scripting L...",0.661899983882904
Hadoop_61,"Technical Skills Programming Languages: C, C++, Java, .Net., J2EE, HTML5, CSS, MapReduce Scripting L...",0.661899983882904
Hadoop_61,"Technical Skills Programming Languages: C, C++, Java, .Net., J2EE, HTML5, CSS, MapReduce Scripting L...",0.661899983882904
Hadoop_62,"Technical Skills Programming Languages: C, C++, Java, .Net., J2EE, HTML5, CSS, MapReduce Scripting L...",0.666100025177002
Hadoop_62,"Technical Skills Programming Languages: C, C++, Java, .Net., J2EE, HTML5, CSS, MapReduce Scripting L...",0.666100025177002
Hadoop_62,"Technical Skills Programming Languages: C, C++, Java, .Net., J2EE, HTML5, CSS, MapReduce Scripting L...",0.666100025177002
PMO_63,"Education Details 
January 2016 Bachelor Of Engineering LEAN PROJECTS Mumbai, Maharashtra Mumbai Un...",0.6581000089645386
PMO_63,"Education Details 
January 2016 Bachelor Of Engineering LEAN PROJECTS Mumbai, Maharashtra Mumbai Un...",0.6581000089645386
PMO_63,"Education Details 
January 2016 Bachelor Of Engineering LEAN PROJECTS Mumbai, Maharashtra Mumbai Un...",0.6581000089645386
PMO_64,"Education Details 
January 2016 Bachelor Of Engineering LEAN PROJECTS Mumbai, Maharashtra Mumbai Un...",0.6771000027656555
PMO_64,"Education Details 
January 2016 Bachelor Of Engineering LEAN PROJECTS Mumbai, Maharashtra Mumbai Un...",0.6771000027656555
PMO_64,"Education Details 
January 2016 Bachelor Of Engineering LEAN PROJECTS Mumbai, Maharashtra Mumbai Un...",0.6771000027656555
PMO_65,"Education Details 
January 2016 Bachelor Of Engineering LEAN PROJECTS Mumbai, Maharashtra Mumbai Un...",0.6901000142097473
PMO_65,"Education Details 
January 2016 Bachelor Of Engineering LEAN PROJECTS Mumbai, Maharashtra Mumbai Un...",0.6901000142097473
PMO_65,"Education Details 
January 2016 Bachelor Of Engineering LEAN PROJECTS Mumbai, Maharashtra Mumbai Un...",0.6901000142097473
HR_66,"Education Details 
January 2016 Bachelor Of Engineering LEAN PROJECTS Mumbai, Maharashtra Mumbai Un...",0.7300000190734863
HR_66,"Education Details 
January 2016 Bachelor Of Engineering LEAN PROJECTS Mumbai, Maharashtra Mumbai Un...",0.7300000190734863
HR_66,"Education Details 
January 2016 Bachelor Of Engineering LEAN PROJECTS Mumbai, Maharashtra Mumbai Un...",0.7300000190734863
HR_67,"Education Details 
January 2016 Bachelor Of Engineering LEAN PROJECTS Mumbai, Maharashtra Mumbai Un...",0.7443000078201294
HR_67,"Education Details 
January 2016 Bachelor Of Engineering LEAN PROJECTS Mumbai, Maharashtra Mumbai Un...",0.7443000078201294
HR_67,"Education Details 
January 2016 Bachelor Of Engineering LEAN PROJECTS Mumbai, Maharashtra Mumbai Un...",0.7443000078201294
HR_68,"Education Details 
January 2016 Bachelor Of Engineering LEAN PROJECTS Mumbai, Maharashtra Mumbai Un...",0.7265999913215637
HR_68,"Education Details 
January 2016 Bachelor Of Engineering LEAN PROJECTS Mumbai, Maharashtra Mumbai Un...",0.7265999913215637
HR_68,"Education Details 
January 2016 Bachelor Of Engineering LEAN PROJECTS Mumbai, Maharashtra Mumbai Un...",0.7265999913215637
Arts_69,"Education Details 
January 2016 Bachelor Of Engineering LEAN PROJECTS Mumbai, Maharashtra Mumbai Un...",0.7129999995231628
Arts_69,"Education Details 
January 2016 Bachelor Of Engineering LEAN PROJECTS Mumbai, Maharashtra Mumbai Un...",0.7129999995231628
Arts_69,"Education Details 
January 2016 Bachelor Of Engineering LEAN PROJECTS Mumbai, Maharashtra Mumbai Un...",0.7129999995231628
Arts_70,"Education Details 
January 2016 Bachelor Of Engineering LEAN PROJECTS Mumbai, Maharashtra Mumbai Un...",0.6840000152587891
Arts_70,"Education Details 
January 2016 Bachelor Of Engineering LEAN PROJECTS Mumbai, Maharashtra Mumbai Un...",0.6840000152587891
Arts_70,"Education Details 
January 2016 Bachelor Of Engineering LEAN PROJECTS Mumbai, Maharashtra Mumbai Un...",0.6840000152587891
Arts_71,"Education Details 
January 2016 Bachelor Of Engineering LEAN PROJECTS Mumbai, Maharashtra Mumbai Un...",0.7013000249862671
Arts_71,"Education Details 
January 2016 Bachelor Of Engineering LEAN PROJECTS Mumbai, Maharashtra Mumbai Un...",0.7013000249862671
Arts_71,"Education Details 
January 2016 Bachelor Of Engineering LEAN PROJECTS Mumbai, Maharashtra Mumbai Un...",0.7013000249862671
ETL Developer_72,"Education Details 
January 2016 Bachelor Of Engineering LEAN PROJECTS Mumbai, Maharashtra Mumbai Un...",0.6473000049591064
ETL Developer_72,"Education Details 
January 2016 Bachelor Of Engineering LEAN PROJECTS Mumbai, Maharashtra Mumbai Un...",0.6473000049591064
ETL Developer_72,"Education Details 
January 2016 Bachelor Of Engineering LEAN PROJECTS Mumbai, Maharashtra Mumbai Un...",0.6473000049591064
ETL Developer_73,"Education Details 
January 2016 Bachelor Of Engineering LEAN PROJECTS Mumbai, Maharashtra Mumbai Un...",0.6599000096321106
ETL Developer_73,"Education Details 
January 2016 Bachelor Of Engineering LEAN PROJECTS Mumbai, Maharashtra Mumbai Un...",0.6599000096321106
ETL Developer_73,"Education Details 
January 2016 Bachelor Of Engineering LEAN PROJECTS Mumbai, Maharashtra Mumbai Un...",0.6599000096321106
ETL Developer_74,"Education Details 
January 2016 Bachelor Of Engineering LEAN PROJECTS Mumbai, Maharashtra Mumbai Un...",0.6442000269889832
ETL Developer_74,"Education Details 
January 2016 Bachelor Of Engineering LEAN PROJECTS Mumbai, Maharashtra Mumbai Un...",0.6442000269889832
ETL Developer_74,"Education Details 
January 2016 Bachelor Of Engineering LEAN PROJECTS Mumbai, Maharashtra Mumbai Un...",0.6442000269889832
